--
-- PostgreSQL database dump
--

-- Dumped from database version 12.22 (Ubuntu 12.22-0ubuntu0.20.04.4)
-- Dumped by pg_dump version 12.22 (Ubuntu 12.22-0ubuntu0.20.04.4)

SET statement_timeout = 0;
SET lock_timeout = 0;
SET idle_in_transaction_session_timeout = 0;
SET client_encoding = 'UTF8';
SET standard_conforming_strings = on;
SELECT pg_catalog.set_config('search_path', '', false);
SET check_function_bodies = false;
SET xmloption = content;
SET client_min_messages = warning;
SET row_security = off;

DROP DATABASE universe;
--
-- Name: universe; Type: DATABASE; Schema: -; Owner: freecodecamp
--

CREATE DATABASE universe WITH TEMPLATE = template0 ENCODING = 'UTF8' LC_COLLATE = 'C.UTF-8' LC_CTYPE = 'C.UTF-8';


ALTER DATABASE universe OWNER TO freecodecamp;

\connect universe

SET statement_timeout = 0;
SET lock_timeout = 0;
SET idle_in_transaction_session_timeout = 0;
SET client_encoding = 'UTF8';
SET standard_conforming_strings = on;
SELECT pg_catalog.set_config('search_path', '', false);
SET check_function_bodies = false;
SET xmloption = content;
SET client_min_messages = warning;
SET row_security = off;

SET default_tablespace = '';

SET default_table_access_method = heap;

--
-- Name: comet; Type: TABLE; Schema: public; Owner: freecodecamp
--

CREATE TABLE public.comet (
    comet_id integer NOT NULL,
    name character varying(255) NOT NULL,
    period_years numeric(10,2) NOT NULL,
    description text,
    has_tail boolean NOT NULL
);


ALTER TABLE public.comet OWNER TO freecodecamp;

--
-- Name: comet_comet_id_seq; Type: SEQUENCE; Schema: public; Owner: freecodecamp
--

CREATE SEQUENCE public.comet_comet_id_seq
    AS integer
    START WITH 1
    INCREMENT BY 1
    NO MINVALUE
    NO MAXVALUE
    CACHE 1;


ALTER TABLE public.comet_comet_id_seq OWNER TO freecodecamp;

--
-- Name: comet_comet_id_seq; Type: SEQUENCE OWNED BY; Schema: public; Owner: freecodecamp
--

ALTER SEQUENCE public.comet_comet_id_seq OWNED BY public.comet.comet_id;


--
-- Name: galaxy; Type: TABLE; Schema: public; Owner: freecodecamp
--

CREATE TABLE public.galaxy (
    galaxy_id integer NOT NULL,
    name character varying(50),
    type text,
    has_life boolean NOT NULL,
    star_count integer NOT NULL,
    distance_ly numeric(20,2)
);


ALTER TABLE public.galaxy OWNER TO freecodecamp;

--
-- Name: galaxy_galaxy_id_seq; Type: SEQUENCE; Schema: public; Owner: freecodecamp
--

CREATE SEQUENCE public.galaxy_galaxy_id_seq
    AS integer
    START WITH 1
    INCREMENT BY 1
    NO MINVALUE
    NO MAXVALUE
    CACHE 1;


ALTER TABLE public.galaxy_galaxy_id_seq OWNER TO freecodecamp;

--
-- Name: galaxy_galaxy_id_seq; Type: SEQUENCE OWNED BY; Schema: public; Owner: freecodecamp
--

ALTER SEQUENCE public.galaxy_galaxy_id_seq OWNED BY public.galaxy.galaxy_id;


--
-- Name: moon; Type: TABLE; Schema: public; Owner: freecodecamp
--

CREATE TABLE public.moon (
    moon_id integer NOT NULL,
    name character varying(250) NOT NULL,
    planet_id integer,
    is_habitable boolean NOT NULL,
    diameter_km integer
);


ALTER TABLE public.moon OWNER TO freecodecamp;

--
-- Name: moon_moon_id_seq; Type: SEQUENCE; Schema: public; Owner: freecodecamp
--

CREATE SEQUENCE public.moon_moon_id_seq
    AS integer
    START WITH 1
    INCREMENT BY 1
    NO MINVALUE
    NO MAXVALUE
    CACHE 1;


ALTER TABLE public.moon_moon_id_seq OWNER TO freecodecamp;

--
-- Name: moon_moon_id_seq; Type: SEQUENCE OWNED BY; Schema: public; Owner: freecodecamp
--

ALTER SEQUENCE public.moon_moon_id_seq OWNED BY public.moon.moon_id;


--
-- Name: planet; Type: TABLE; Schema: public; Owner: freecodecamp
--

CREATE TABLE public.planet (
    planet_id integer NOT NULL,
    name character varying(250) NOT NULL,
    star_id integer,
    population integer,
    has_rings boolean NOT NULL
);


ALTER TABLE public.planet OWNER TO freecodecamp;

--
-- Name: planet_planet_id_seq; Type: SEQUENCE; Schema: public; Owner: freecodecamp
--

CREATE SEQUENCE public.planet_planet_id_seq
    AS integer
    START WITH 1
    INCREMENT BY 1
    NO MINVALUE
    NO MAXVALUE
    CACHE 1;


ALTER TABLE public.planet_planet_id_seq OWNER TO freecodecamp;

--
-- Name: planet_planet_id_seq; Type: SEQUENCE OWNED BY; Schema: public; Owner: freecodecamp
--

ALTER SEQUENCE public.planet_planet_id_seq OWNED BY public.planet.planet_id;


--
-- Name: star; Type: TABLE; Schema: public; Owner: freecodecamp
--

CREATE TABLE public.star (
    star_id integer NOT NULL,
    name character varying(250) NOT NULL,
    galaxy_id integer NOT NULL,
    spectral_type character varying(20),
    temp integer NOT NULL
);


ALTER TABLE public.star OWNER TO freecodecamp;

--
-- Name: star_star_id_seq; Type: SEQUENCE; Schema: public; Owner: freecodecamp
--

CREATE SEQUENCE public.star_star_id_seq
    AS integer
    START WITH 1
    INCREMENT BY 1
    NO MINVALUE
    NO MAXVALUE
    CACHE 1;


ALTER TABLE public.star_star_id_seq OWNER TO freecodecamp;

--
-- Name: star_star_id_seq; Type: SEQUENCE OWNED BY; Schema: public; Owner: freecodecamp
--

ALTER SEQUENCE public.star_star_id_seq OWNED BY public.star.star_id;


--
-- Name: comet comet_id; Type: DEFAULT; Schema: public; Owner: freecodecamp
--

ALTER TABLE ONLY public.comet ALTER COLUMN comet_id SET DEFAULT nextval('public.comet_comet_id_seq'::regclass);


--
-- Name: galaxy galaxy_id; Type: DEFAULT; Schema: public; Owner: freecodecamp
--

ALTER TABLE ONLY public.galaxy ALTER COLUMN galaxy_id SET DEFAULT nextval('public.galaxy_galaxy_id_seq'::regclass);


--
-- Name: moon moon_id; Type: DEFAULT; Schema: public; Owner: freecodecamp
--

ALTER TABLE ONLY public.moon ALTER COLUMN moon_id SET DEFAULT nextval('public.moon_moon_id_seq'::regclass);


--
-- Name: planet planet_id; Type: DEFAULT; Schema: public; Owner: freecodecamp
--

ALTER TABLE ONLY public.planet ALTER COLUMN planet_id SET DEFAULT nextval('public.planet_planet_id_seq'::regclass);


--
-- Name: star star_id; Type: DEFAULT; Schema: public; Owner: freecodecamp
--

ALTER TABLE ONLY public.star ALTER COLUMN star_id SET DEFAULT nextval('public.star_star_id_seq'::regclass);


--
-- Data for Name: comet; Type: TABLE DATA; Schema: public; Owner: freecodecamp
--

INSERT INTO public.comet VALUES (1, 'Halley', 76.00, 'Famous short-period comet', true);
INSERT INTO public.comet VALUES (2, 'Hale-Bopp', 2533.00, 'Bright comet discovered in 1995', true);
INSERT INTO public.comet VALUES (3, 'Neowise', 6800.00, 'Bright comet in 2020', true);


--
-- Data for Name: galaxy; Type: TABLE DATA; Schema: public; Owner: freecodecamp
--

INSERT INTO public.galaxy VALUES (1, 'Mily Way', 'Bared Spiral', true, 250000, 0.00);
INSERT INTO public.galaxy VALUES (2, 'Andromeda', 'Spiral', false, 250000, 1000000000000.00);
INSERT INTO public.galaxy VALUES (3, 'Triangulum', 'Spiral', false, 3000000, 40000000000.00);
INSERT INTO public.galaxy VALUES (4, 'Messier 87', 'Elliptical', false, 400000, 12000000000000.00);
INSERT INTO public.galaxy VALUES (5, 'Sombrero', 'Spiral', false, 23999090, 100000000000.00);
INSERT INTO public.galaxy VALUES (6, 'Large Magellanic Cloud', 'Irregular', false, 290490, 30000000000.00);


--
-- Data for Name: moon; Type: TABLE DATA; Schema: public; Owner: freecodecamp
--

INSERT INTO public.moon VALUES (1, 'Moon', 3, false, 3474);
INSERT INTO public.moon VALUES (2, 'Phobos', 4, false, 22);
INSERT INTO public.moon VALUES (3, 'Deimos', 4, false, 12);
INSERT INTO public.moon VALUES (4, 'Io', 5, false, 3643);
INSERT INTO public.moon VALUES (5, 'Europa', 5, true, 3122);
INSERT INTO public.moon VALUES (6, 'Ganymede', 5, true, 5268);
INSERT INTO public.moon VALUES (7, 'Callisto', 5, true, 4821);
INSERT INTO public.moon VALUES (8, 'Mimas', 6, false, 396);
INSERT INTO public.moon VALUES (9, 'Enceladus', 6, true, 504);
INSERT INTO public.moon VALUES (10, 'Tethys', 6, false, 1062);
INSERT INTO public.moon VALUES (11, 'Dione', 6, false, 1123);
INSERT INTO public.moon VALUES (12, 'Rhea', 6, false, 1528);
INSERT INTO public.moon VALUES (13, 'Titan', 6, true, 5149);
INSERT INTO public.moon VALUES (14, 'Iapetus', 6, false, 1470);
INSERT INTO public.moon VALUES (15, 'Miranda', 7, false, 472);
INSERT INTO public.moon VALUES (16, 'Ariel', 7, false, 1158);
INSERT INTO public.moon VALUES (17, 'Umbriel', 7, false, 1169);
INSERT INTO public.moon VALUES (18, 'Titania', 7, false, 1578);
INSERT INTO public.moon VALUES (19, 'Oberon', 7, false, 1523);
INSERT INTO public.moon VALUES (20, 'Triton', 8, false, 2707);


--
-- Data for Name: planet; Type: TABLE DATA; Schema: public; Owner: freecodecamp
--

INSERT INTO public.planet VALUES (1, 'Mercury', 1, 0, false);
INSERT INTO public.planet VALUES (2, 'Venus', 1, 0, false);
INSERT INTO public.planet VALUES (3, 'Earth', 1, 8000000, false);
INSERT INTO public.planet VALUES (4, 'Mars', 1, 0, false);
INSERT INTO public.planet VALUES (5, 'Jupiter', 1, 0, true);
INSERT INTO public.planet VALUES (6, 'Saturn', 1, 0, true);
INSERT INTO public.planet VALUES (7, 'Uranus', 1, 0, true);
INSERT INTO public.planet VALUES (8, 'Neptune', 1, 0, true);
INSERT INTO public.planet VALUES (9, 'Proxima Centauri b', 3, 0, false);
INSERT INTO public.planet VALUES (10, 'Kepler-186f', 1, 0, false);
INSERT INTO public.planet VALUES (11, 'Kepler-452b', 1, 0, false);
INSERT INTO public.planet VALUES (12, 'HD 209458 b', 6, 0, false);


--
-- Data for Name: star; Type: TABLE DATA; Schema: public; Owner: freecodecamp
--

INSERT INTO public.star VALUES (1, 'Sun', 1, 'G2V', 5778);
INSERT INTO public.star VALUES (2, 'Alpha Centauri A', 1, 'G2V', 5790);
INSERT INTO public.star VALUES (3, 'Proxima Centauri', 1, 'M5V', 3042);
INSERT INTO public.star VALUES (4, 'Sirius A', 1, 'A1V', 9940);
INSERT INTO public.star VALUES (5, 'Betelgeuse', 1, 'M1-2Ia-ab', 3500);
INSERT INTO public.star VALUES (6, 'Vega', 1, 'A0Va', 9602);


--
-- Name: comet_comet_id_seq; Type: SEQUENCE SET; Schema: public; Owner: freecodecamp
--

SELECT pg_catalog.setval('public.comet_comet_id_seq', 3, true);


--
-- Name: galaxy_galaxy_id_seq; Type: SEQUENCE SET; Schema: public; Owner: freecodecamp
--

SELECT pg_catalog.setval('public.galaxy_galaxy_id_seq', 6, true);


--
-- Name: moon_moon_id_seq; Type: SEQUENCE SET; Schema: public; Owner: freecodecamp
--

SELECT pg_catalog.setval('public.moon_moon_id_seq', 20, true);


--
-- Name: planet_planet_id_seq; Type: SEQUENCE SET; Schema: public; Owner: freecodecamp
--

SELECT pg_catalog.setval('public.planet_planet_id_seq', 12, true);


--
-- Name: star_star_id_seq; Type: SEQUENCE SET; Schema: public; Owner: freecodecamp
--

SELECT pg_catalog.setval('public.star_star_id_seq', 6, true);


--
-- Name: comet comet_name_key; Type: CONSTRAINT; Schema: public; Owner: freecodecamp
--

ALTER TABLE ONLY public.comet
    ADD CONSTRAINT comet_name_key UNIQUE (name);


--
-- Name: comet comet_pkey; Type: CONSTRAINT; Schema: public; Owner: freecodecamp
--

ALTER TABLE ONLY public.comet
    ADD CONSTRAINT comet_pkey PRIMARY KEY (comet_id);


--
-- Name: galaxy galaxy_name_key; Type: CONSTRAINT; Schema: public; Owner: freecodecamp
--

ALTER TABLE ONLY public.galaxy
    ADD CONSTRAINT galaxy_name_key UNIQUE (name);


--
-- Name: galaxy galaxy_pkey; Type: CONSTRAINT; Schema: public; Owner: freecodecamp
--

ALTER TABLE ONLY public.galaxy
    ADD CONSTRAINT galaxy_pkey PRIMARY KEY (galaxy_id);


--
-- Name: moon moon_name_key; Type: CONSTRAINT; Schema: public; Owner: freecodecamp
--

ALTER TABLE ONLY public.moon
    ADD CONSTRAINT moon_name_key UNIQUE (name);


--
-- Name: moon moon_pkey; Type: CONSTRAINT; Schema: public; Owner: freecodecamp
--

ALTER TABLE ONLY public.moon
    ADD CONSTRAINT moon_pkey PRIMARY KEY (moon_id);


--
-- Name: planet planet_name_key; Type: CONSTRAINT; Schema: public; Owner: freecodecamp
--

ALTER TABLE ONLY public.planet
    ADD CONSTRAINT planet_name_key UNIQUE (name);


--
-- Name: planet planet_pkey; Type: CONSTRAINT; Schema: public; Owner: freecodecamp
--

ALTER TABLE ONLY public.planet
    ADD CONSTRAINT planet_pkey PRIMARY KEY (planet_id);


--
-- Name: star star_name_key; Type: CONSTRAINT; Schema: public; Owner: freecodecamp
--

ALTER TABLE ONLY public.star
    ADD CONSTRAINT star_name_key UNIQUE (name);


--
-- Name: star star_pkey; Type: CONSTRAINT; Schema: public; Owner: freecodecamp
--

ALTER TABLE ONLY public.star
    ADD CONSTRAINT star_pkey PRIMARY KEY (star_id);


--
-- Name: moon moon_planet_id_fkey; Type: FK CONSTRAINT; Schema: public; Owner: freecodecamp
--

ALTER TABLE ONLY public.moon
    ADD CONSTRAINT moon_planet_id_fkey FOREIGN KEY (planet_id) REFERENCES public.planet(planet_id);


--
-- Name: planet planet_star_id_fkey; Type: FK CONSTRAINT; Schema: public; Owner: freecodecamp
--

ALTER TABLE ONLY public.planet
    ADD CONSTRAINT planet_star_id_fkey FOREIGN KEY (star_id) REFERENCES public.star(star_id);


--
-- Name: star star_galaxy_id_fkey; Type: FK CONSTRAINT; Schema: public; Owner: freecodecamp
--

ALTER TABLE ONLY public.star
    ADD CONSTRAINT star_galaxy_id_fkey FOREIGN KEY (galaxy_id) REFERENCES public.galaxy(galaxy_id);


--
-- PostgreSQL database dump complete
--

